,silver_fut,silver_etf,gold_fut,gold_etf,vix,dxy,tenyr
Ticker,SI=F,SLV,GC=F,GLD,^VIX,DX-Y.NYB,^TNX
Date,,,,,,,
2003-01-31,4.853000164031982,,368.29998779296875,,31.170000076293945,99.91000366210938,3.9749999046325684
2003-02-28,4.585000038146973,,350.20001220703125,,29.6299991607666,99.70999908447266,3.696000099182129
2003-03-31,4.460999965667725,,335.8999938964844,,29.149999618530273,99.05999755859375,3.822999954223633
2003-04-30,4.638000011444092,,339.1000061035156,,21.209999084472656,97.19000244140625,3.8570001125335693
2003-05-31,4.526000022888184,,364.5,,19.469999313354492,93.2699966430664,3.3499999046325684
2003-06-30,4.557000160217285,,346.0,,19.520000457763672,94.7300033569336,3.5280001163482666
2003-07-31,5.116000175476074,,354.0,,19.489999771118164,96.88999938964844,4.473999977111816
2003-08-31,5.109000205993652,,375.70001220703125,,18.6299991607666,98.0999984741211,4.453999996185303
2003-09-30,5.13700008392334,,385.3999938964844,,22.719999313354492,92.8499984741211,3.937000036239624
2003-10-31,5.059000015258789,,384.5,,16.100000381469727,92.7300033569336,4.301000118255615
2003-11-30,5.355000019073486,,396.79998779296875,,16.31999969482422,90.20999908447266,4.320000171661377
2003-12-31,5.953000068664551,,415.70001220703125,,18.309999465942383,86.91999816894531,4.256999969482422
2004-01-31,6.245999813079834,,402.20001220703125,,16.6299991607666,87.19999694824219,4.138000011444092
2004-02-29,6.696000099182129,,396.3999938964844,,14.550000190734863,87.30999755859375,3.9839999675750732
2004-03-31,7.935999870300293,,427.29998779296875,,16.739999771118164,87.61000061035156,3.8369998931884766
2004-04-30,6.078000068664551,,387.0,,17.190000534057617,90.4800033569336,4.500999927520752
2004-05-31,6.105000019073486,,394.0,,15.5,88.94999694824219,4.65500020980835
2004-06-30,5.776000022888184,,392.6000061035156,,14.34000015258789,88.80000305175781,4.617000102996826
2004-07-31,6.550000190734863,,391.0,,15.319999694824219,89.95999908447266,4.474999904632568
2004-08-31,6.770999908447266,,410.3999938964844,,15.289999961853027,88.94000244140625,4.131999969482422
2004-09-30,6.915999889373779,,418.70001220703125,,13.34000015258789,87.36000061035156,4.11899995803833
2004-10-31,7.291999816894531,,428.5,,16.270000457763672,84.91000366210938,4.0289998054504395
2004-11-30,7.7230000495910645,,451.29998779296875,45.119998931884766,13.239999771118164,81.81999969482422,4.357999801635742
2004-12-31,6.807000160217285,,437.5,43.79999923706055,13.289999961853027,80.8499984741211,4.216000080108643
2005-01-31,6.736999988555908,,421.79998779296875,42.220001220703125,12.819999694824219,83.5999984741211,4.132999897003174
2005-02-28,7.359000205993652,,436.5,43.529998779296875,12.079999923706055,82.51000213623047,4.359000205993652
2005-03-31,7.190999984741211,,428.70001220703125,42.81999969482422,14.020000457763672,84.05999755859375,4.495999813079834
2005-04-30,6.9019999504089355,,435.0,43.349998474121094,15.3100004196167,84.43000030517578,4.201000213623047
2005-05-31,7.443999767303467,,416.29998779296875,41.650001525878906,13.289999961853027,87.76000213623047,4.00600004196167
2005-06-30,7.0279998779296875,,435.8999938964844,43.439998626708984,12.039999961853027,89.11000061035156,3.944999933242798
2005-07-31,7.23799991607666,,429.8999938964844,42.81999969482422,11.569999694824219,89.3499984741211,4.285999774932861
2005-08-31,6.781000137329102,,433.79998779296875,43.400001525878906,12.600000381469727,87.58000183105469,4.019999980926514
2005-09-30,7.458000183105469,,469.0,46.70000076293945,11.920000076293945,89.5199966430664,4.328000068664551
2005-10-31,7.550000190734863,,465.1000061035156,46.400001525878906,15.319999694824219,90.06999969482422,4.559000015258789
2005-11-30,8.279999732971191,,494.6000061035156,49.099998474121094,12.0600004196167,91.56999969482422,4.5
2005-12-31,8.819999694824219,,517.0999755859375,51.58000183105469,12.069999694824219,91.16999816894531,4.394999980926514
2006-01-31,9.850000381469727,,570.7999877929688,56.70000076293945,12.949999809265137,88.95999908447266,4.5269999504089355
2006-02-28,9.720000267028809,,561.5999755859375,56.06999969482422,12.34000015258789,90.11000061035156,4.546999931335449
2006-03-31,11.479999542236328,,581.7999877929688,58.099998474121094,11.390000343322754,89.7300033569336,4.853000164031982
2006-04-30,13.510000228881836,13.812000274658203,651.7999877929688,65.08999633789062,11.59000015258789,86.11000061035156,5.068999767303467
2006-05-31,12.39799976348877,12.628000259399414,642.5,64.2300033569336,16.440000534057617,84.72000122070312,5.11299991607666
2006-06-30,10.90999984741211,11.138999938964844,613.5,61.22999954223633,13.079999923706055,85.22000122070312,5.138000011444092
2006-07-31,11.324999809265137,11.414999961853027,634.2000122070312,63.15999984741211,14.949999809265137,85.30000305175781,4.98799991607666
2006-08-31,12.899999618530273,12.907999992370605,625.9000244140625,62.290000915527344,12.3100004196167,85.05000305175781,4.73199987411499
2006-09-30,11.449999809265137,11.451000213623047,598.5999755859375,59.470001220703125,11.979999542236328,85.97000122070312,4.632999897003174
2006-10-31,12.211999893188477,12.267999649047852,604.0999755859375,60.2400016784668,11.100000381469727,85.31999969482422,4.605999946594238
2006-11-30,13.925000190734863,13.968000411987305,646.9000244140625,64.38999938964844,10.90999984741211,82.91999816894531,4.458000183105469
2006-12-31,12.817999839782715,12.86400032043457,635.2000122070312,63.209999084472656,11.5600004196167,83.72000122070312,4.710000038146973
2007-01-31,13.513999938964844,13.515999794006348,652.0,64.83000183105469,10.420000076293945,84.61000061035156,4.826000213623047
2007-02-28,14.100000381469727,14.125,669.4000244140625,66.4800033569336,15.420000076293945,83.56999969482422,4.550000190734863
2007-03-31,13.390000343322754,13.35200023651123,663.0,65.73999786376953,14.640000343322754,82.93000030517578,4.6479997634887695
2007-04-30,13.444999694824219,13.335000038146973,680.5,67.08999633789062,14.220000267028809,81.44999694824219,4.630000114440918
2007-05-31,13.409000396728516,13.383000373840332,661.0,65.54000091552734,13.050000190734863,82.30000305175781,4.889999866485596
2007-06-30,12.352999687194824,12.350000381469727,648.0999755859375,64.2699966430664,16.229999542236328,81.91999816894531,5.0329999923706055
2007-07-31,12.949999809265137,12.802000045776367,666.9000244140625,65.79000091552734,23.520000457763672,80.7699966430664,4.770999908447266
2007-08-31,12.062999725341797,11.998000144958496,673.0,66.5199966430664,23.3799991607666,80.79000091552734,4.5370001792907715
2007-09-30,13.793999671936035,13.654999732971191,742.7999877929688,73.51000213623047,18.0,77.72000122070312,4.578999996185303
2007-10-31,14.376999855041504,14.359999656677246,792.0,78.62000274658203,18.530000686645508,76.4800033569336,4.474999904632568
2007-11-30,13.963000297546387,13.899999618530273,782.2000122070312,77.31999969482422,22.8700008392334,76.1500015258789,3.9719998836517334
2007-12-31,14.79699993133545,14.696999549865723,834.9000244140625,82.45999908447266,22.5,76.69999694824219,4.034999847412109
2008-01-31,16.947999954223633,16.81800079345703,922.7000122070312,91.4000015258789,26.200000762939453,75.18000030517578,3.6389999389648438
2008-02-29,19.808000564575195,19.667999267578125,972.0999755859375,96.18000030517578,26.540000915527344,73.70999908447266,3.5339999198913574
2008-03-31,17.274999618530273,17.041000366210938,916.2000122070312,90.41000366210938,25.610000610351562,71.80000305175781,3.431999921798706
2008-04-30,16.50200080871582,16.719999313354492,862.7999877929688,86.6500015258789,20.790000915527344,72.51000213623047,3.759000062942505
2008-05-31,16.82699966430664,16.67300033569336,887.2999877929688,87.44999694824219,17.829999923706055,72.87999725341797,4.046000003814697
2008-06-30,17.420000076293945,17.26300048828125,926.2000122070312,91.4000015258789,23.950000762939453,72.45999908447266,3.9790000915527344
2008-07-31,17.75,17.530000686645508,913.9000244140625,90.08000183105469,22.940000534057617,73.2300033569336,3.9790000915527344
2008-08-31,13.607000350952148,13.369999885559082,829.2999877929688,81.70999908447266,20.649999618530273,77.37999725341797,3.812999963760376
2008-09-30,12.230999946594238,11.850000381469727,874.2000122070312,85.06999969482422,39.38999938964844,79.44999694824219,3.8269999027252197
2008-10-31,9.729999542236328,9.579999923706055,716.7999877929688,71.33999633789062,59.88999938964844,85.62999725341797,3.9700000286102295
2008-11-30,10.1850004196167,10.229999542236328,816.2000122070312,80.30999755859375,55.279998779296875,86.5199966430664,2.9570000171661377
2008-12-31,11.270000457763672,11.199999809265137,883.5999755859375,86.5199966430664,40.0,81.30999755859375,2.24399995803833
2009-01-31,12.5600004196167,12.520000457763672,927.2999877929688,91.30999755859375,44.84000015258789,86.0,2.8440001010894775
2009-02-28,13.085000038146973,12.880000114440918,941.5,92.62999725341797,46.349998474121094,88.01000213623047,3.0409998893737793
2009-03-31,12.975000381469727,12.789999961853027,922.5999755859375,90.27999877929688,44.13999938964844,85.43000030517578,2.684999942779541
2009-04-30,12.305000305175781,12.210000038146973,890.7000122070312,87.2699966430664,36.5,84.61000061035156,3.124000072479248
2009-05-31,15.600000381469727,15.470000267028809,978.7999877929688,96.19999694824219,28.920000076293945,80.43000030517578,3.4649999141693115
2009-06-30,13.574000358581543,13.380000114440918,927.0999755859375,91.18000030517578,26.350000381469727,80.12999725341797,3.5230000019073486
2009-07-31,13.932999610900879,13.699999809265137,953.7000122070312,93.3499984741211,25.920000076293945,78.3499984741211,3.500999927520752
2009-08-31,14.89799976348877,14.619999885559082,951.7000122070312,93.4000015258789,26.010000228881836,78.16999816894531,3.4010000228881836
2009-09-30,16.63599967956543,16.3799991607666,1008.0,98.8499984741211,25.610000610351562,76.6500015258789,3.306999921798706
2009-10-31,16.246000289916992,16.06999969482422,1039.699951171875,102.52999877929688,30.690000534057617,76.30000305175781,3.3919999599456787
2009-11-30,18.4950008392334,18.149999618530273,1181.0999755859375,115.63999938964844,24.510000228881836,74.87999725341797,3.2009999752044678
2009-12-31,16.82200050354004,16.540000915527344,1095.199951171875,107.30999755859375,21.68000030517578,77.86000061035156,3.8429999351501465
2010-01-31,16.183000564575195,15.899999618530273,1083.0,105.95999908447266,24.6200008392334,79.45999908447266,3.6089999675750732
2010-02-28,16.5,16.06999969482422,1118.300048828125,109.43000030517578,19.5,80.36000061035156,3.5950000286102295
2010-03-31,17.511999130249023,17.139999389648438,1113.300048828125,108.94999694824219,17.59000015258789,81.06999969482422,3.8329999446868896
2010-04-30,18.611000061035156,18.260000228881836,1180.0999755859375,115.36000061035156,22.049999237060547,81.87000274658203,3.6630001068115234
2010-05-31,18.410999298095703,18.030000686645508,1212.199951171875,118.87999725341797,32.06999969482422,86.4800033569336,3.3010001182556152
2010-06-30,18.67099952697754,18.209999084472656,1245.5,121.68000030517578,34.540000915527344,86.0199966430664,2.9509999752044678
2010-07-31,17.98699951171875,17.579999923706055,1181.699951171875,115.48999786376953,23.5,81.54000091552734,2.9070000648498535
2010-08-31,19.398000717163086,18.93000030517578,1248.300048828125,122.08000183105469,26.049999237060547,83.19999694824219,2.4769999980926514
2010-09-30,21.79800033569336,21.309999465942383,1307.800048828125,127.91000366210938,23.700000762939453,78.72000122070312,2.5169999599456787
2010-10-31,24.559999465942383,24.170000076293945,1357.0999755859375,132.6199951171875,21.200000762939453,77.2699966430664,2.611999988555908
2010-11-30,28.184999465942383,27.440000534057617,1385.0,135.4199981689453,23.540000915527344,81.19999694824219,2.796999931335449
2010-12-31,30.90999984741211,30.18000030517578,1421.0999755859375,138.72000122070312,17.75,79.02999877929688,3.305000066757202
2011-01-31,28.173999786376953,27.389999389648438,1333.800048828125,129.8699951171875,19.530000686645508,77.73999786376953,3.378000020980835
2011-02-28,33.80400085449219,33.11000061035156,1409.300048828125,137.66000366210938,18.350000381469727,76.88999938964844,3.4140000343322754
2011-03-31,37.87200164794922,36.77000045776367,1438.9000244140625,139.86000061035156,17.739999771118164,75.86000061035156,3.4539999961853027
2011-04-30,48.58399963378906,46.880001068115234,1556.0,152.3699951171875,14.75,72.93000030517578,3.2960000038146973
2011-05-31,38.303001403808594,37.599998474121094,1535.9000244140625,149.63999938964844,15.449999809265137,74.63999938964844,3.049999952316284
2011-06-30,34.8120002746582,33.84000015258789,1502.300048828125,146.0,16.520000457763672,74.30000305175781,3.1579999923706055
2011-07-31,40.09199905395508,38.849998474121094,1628.300048828125,158.2899932861328,25.25,73.9000015258789,2.805000066757202
2011-08-31,41.69900131225586,40.45000076293945,1828.5,177.72000122070312,31.6200008392334,74.12999725341797,2.2179999351501465
2011-09-30,30.041000366210938,28.90999984741211,1620.4000244140625,158.05999755859375,42.959999084472656,78.55000305175781,1.9240000247955322
2011-10-31,34.33700180053711,33.439998626708984,1724.199951171875,167.33999633789062,29.959999084472656,76.16999816894531,2.174999952316284
2011-11-30,32.73099899291992,32.0,1745.5,170.1300048828125,27.799999237060547,78.38999938964844,2.068000078201294
2011-12-31,27.875,26.940000534057617,1565.800048828125,151.99000549316406,23.399999618530273,80.16999816894531,1.871000051498413
2012-01-31,33.233001708984375,32.279998779296875,1737.800048828125,169.30999755859375,19.440000534057617,79.27999877929688,1.7990000247955322
2012-02-29,34.58300018310547,33.54999923706055,1709.9000244140625,164.2899932861328,18.43000030517578,78.7300033569336,1.9769999980926514
2012-03-31,32.46900177001953,31.3799991607666,1669.300048828125,162.1199951171875,15.5,78.93000030517578,2.2160000801086426
2012-04-30,30.958999633789062,30.110000610351562,1663.4000244140625,161.8800048828125,17.149999618530273,78.79000091552734,1.9149999618530273
2012-05-31,27.740999221801758,26.959999084472656,1562.5999755859375,151.6199951171875,24.059999465942383,83.04000091552734,1.5809999704360962
2012-06-30,27.579999923706055,26.649999618530273,1603.5,155.19000244140625,17.079999923706055,81.6500015258789,1.659000039100647
2012-07-31,27.895000457763672,27.1200008392334,1610.5,156.49000549316406,18.93000030517578,82.63999938964844,1.4919999837875366
2012-08-31,31.3700008392334,30.790000915527344,1684.5999755859375,164.22000122070312,17.469999313354492,81.25,1.562000036239624
2012-09-30,34.516998291015625,33.47999954223633,1771.0999755859375,171.88999938964844,15.729999542236328,79.94000244140625,1.6369999647140503
2012-10-31,32.28799819946289,31.270000457763672,1717.5,166.8300018310547,18.600000381469727,79.91999816894531,1.6859999895095825
2012-11-30,33.20399856567383,32.36000061035156,1710.9000244140625,166.0500030517578,15.869999885559082,80.1500015258789,1.6059999465942383
2012-12-31,30.17300033569336,29.3700008392334,1674.800048828125,162.02000427246094,18.020000457763672,79.7699966430664,1.75600004196167
2013-01-31,31.334999084472656,30.440000534057617,1660.5999755859375,161.1999969482422,14.279999732971191,79.20999908447266,1.9850000143051147
2013-02-28,28.395000457763672,27.540000915527344,1577.699951171875,153.0,15.510000228881836,81.9800033569336,1.8880000114440918
2013-03-31,28.29199981689453,27.420000076293945,1594.800048828125,154.4499969482422,12.699999809265137,82.98999786376953,1.8519999980926514
2013-04-30,24.143999099731445,23.459999084472656,1472.199951171875,142.77000427246094,13.520000457763672,81.7300033569336,1.6749999523162842
2013-05-31,22.22800064086914,21.440000534057617,1392.5999755859375,133.9199981689453,16.299999237060547,83.37999725341797,2.1640000343322754
2013-06-30,19.451000213623047,18.969999313354492,1223.800048828125,119.11000061035156,16.860000610351562,83.16999816894531,2.4779999256134033
2013-07-31,19.617000579833984,19.139999389648438,1312.4000244140625,127.95999908447266,13.449999809265137,81.44999694824219,2.5929999351501465
2013-08-31,23.46299934387207,22.600000381469727,1396.0999755859375,134.6199951171875,17.010000228881836,82.08999633789062,2.749000072479248
2013-09-30,21.6560001373291,20.899999618530273,1326.5,128.17999267578125,16.600000381469727,80.22000122070312,2.615000009536743
2013-10-31,21.832000732421875,21.100000381469727,1323.5999755859375,127.73999786376953,13.75,80.19999694824219,2.5420000553131104
2013-11-30,19.981000900268555,19.239999771118164,1250.5999755859375,120.69999694824219,13.699999809265137,80.68000030517578,2.740999937057495
2013-12-31,19.339000701904297,18.709999084472656,1201.9000244140625,116.12000274658203,13.720000267028809,80.04000091552734,3.0260000228881836
2014-01-31,19.104999542236328,18.450000762939453,1240.0999755859375,120.08999633789062,18.40999984741211,81.2699966430664,2.6679999828338623
2014-02-28,21.20400047302246,20.350000381469727,1321.4000244140625,127.62000274658203,14.0,79.77999877929688,2.6579999923706055
2014-03-31,19.733999252319336,19.040000915527344,1283.4000244140625,123.61000061035156,13.880000114440918,80.0999984741211,2.7230000495910645
2014-04-30,19.118999481201172,18.459999084472656,1295.5999755859375,124.22000122070312,13.40999984741211,79.48999786376953,2.6480000019073486
2014-05-31,18.652999877929688,18.079999923706055,1245.5999755859375,120.43000030517578,11.399999618530273,80.37000274658203,2.4570000171661377
2014-06-30,21.006999969482422,20.25,1321.800048828125,128.0399932861328,11.569999694824219,79.77999877929688,2.5160000324249268
2014-07-31,20.37299919128418,19.579999923706055,1281.300048828125,123.38999938964844,16.950000762939453,81.45999908447266,2.555999994277954
2014-08-31,19.398000717163086,18.709999084472656,1285.800048828125,123.86000061035156,12.09000015258789,82.75,2.3429999351501465
2014-09-30,17.006000518798828,16.350000381469727,1210.5,116.20999908447266,16.309999465942383,85.94000244140625,2.507999897003174
2014-10-31,16.07699966430664,15.5,1171.0999755859375,112.66000366210938,14.029999732971191,86.87999725341797,2.3350000381469727
2014-11-30,15.48900032043457,14.829999923706055,1175.199951171875,112.11000061035156,13.329999923706055,88.36000061035156,2.194000005722046
2014-12-31,15.5649995803833,15.0600004196167,1183.9000244140625,113.58000183105469,19.200000762939453,90.2699966430664,2.1700000762939453
2015-01-31,17.191999435424805,16.540000915527344,1278.5,123.44999694824219,20.969999313354492,94.80000305175781,1.6749999523162842
2015-02-28,16.51300048828125,15.869999885559082,1212.5999755859375,116.16000366210938,13.34000015258789,95.25,2.002000093460083
2015-03-31,16.58099937438965,15.930000305175781,1183.0999755859375,113.66000366210938,15.289999961853027,98.36000061035156,1.934000015258789
2015-04-30,16.124000549316406,15.430000305175781,1182.4000244140625,113.47000122070312,14.550000190734863,94.5999984741211,2.0460000038146973
2015-05-31,16.68400001525879,15.989999771118164,1189.4000244140625,114.0999984741211,13.84000015258789,96.91000366210938,2.0950000286102295
2015-06-30,15.550999641418457,15.029999732971191,1171.5,112.37000274658203,18.229999542236328,95.48999786376953,2.3350000381469727
2015-07-31,14.746000289916992,14.079999923706055,1094.9000244140625,104.93000030517578,12.119999885559082,97.37000274658203,2.2049999237060547
2015-08-31,14.57699966430664,13.989999771118164,1131.5999755859375,108.81999969482422,28.43000030517578,95.94999694824219,2.200000047683716
2015-09-30,14.512999534606934,13.869999885559082,1115.5,106.86000061035156,24.5,96.3499984741211,2.059999942779541
2015-10-31,15.565999984741211,14.800000190734863,1141.5,109.30000305175781,15.069999694824219,96.94999694824219,2.1510000228881836
2015-11-30,14.050000190734863,13.4399995803833,1065.800048828125,101.91999816894531,16.1299991607666,100.16999816894531,2.2179999351501465
2015-12-31,13.774999618530273,13.1899995803833,1060.300048828125,101.45999908447266,18.209999084472656,98.62999725341797,2.2690000534057617
2016-01-31,14.229000091552734,13.59000015258789,1116.4000244140625,106.94999694824219,20.200000762939453,99.61000061035156,1.930999994277954
2016-02-29,14.895999908447266,14.199999809265137,1233.9000244140625,118.63999938964844,20.549999237060547,98.20999908447266,1.7400000095367432
2016-03-31,15.460000038146973,14.680000305175781,1234.199951171875,117.63999938964844,13.949999809265137,94.58999633789062,1.7860000133514404
2016-04-30,17.788999557495117,16.979999542236328,1289.199951171875,123.6500015258789,15.699999809265137,93.08000183105469,1.819000005722046
2016-05-31,15.972000122070312,15.1899995803833,1214.800048828125,116.05999755859375,14.1899995803833,95.88999938964844,1.8339999914169312
2016-06-30,18.582000732421875,17.860000610351562,1318.4000244140625,126.47000122070312,15.630000114440918,96.13999938964844,1.4880000352859497
2016-07-31,20.312000274658203,19.350000381469727,1349.0,128.97999572753906,11.869999885559082,95.52999877929688,1.4579999446868896
2016-08-31,18.621999740600586,17.719999313354492,1306.9000244140625,124.77999877929688,13.420000076293945,96.0199966430664,1.5679999589920044
2016-09-30,19.138999938964844,18.200000762939453,1313.300048828125,125.63999938964844,13.289999961853027,95.45999908447266,1.6080000400543213
2016-10-31,17.761999130249023,16.969999313354492,1271.5,121.94000244140625,17.059999465942383,98.44999694824219,1.8339999914169312
2016-11-30,16.4060001373291,15.65999984741211,1170.800048828125,111.75,13.329999923706055,101.5,2.368000030517578
2016-12-31,15.935999870300293,15.109999656677246,1150.0,109.61000061035156,14.039999961853027,102.38999938964844,2.446000099182129
2017-01-31,17.511999130249023,16.6299991607666,1208.5999755859375,115.55000305175781,11.989999771118164,99.51000213623047,2.4509999752044678
2017-02-28,18.420000076293945,17.3700008392334,1252.5999755859375,119.2300033569336,12.920000076293945,101.12000274658203,2.3580000400543213
2017-03-31,18.235000610351562,17.25,1247.300048828125,118.72000122070312,12.369999885559082,100.3499984741211,2.3959999084472656
2017-04-30,17.19099998474121,16.299999237060547,1266.0999755859375,120.7699966430664,10.819999694824219,99.05000305175781,2.2820000648498535
2017-05-31,17.368000030517578,16.389999389648438,1272.0,120.62000274658203,10.40999984741211,96.91999816894531,2.196000099182129
2017-06-30,16.56800079345703,15.710000038146973,1240.699951171875,118.0199966430664,11.180000305175781,95.66000366210938,2.302000045776367
2017-07-31,16.75,15.899999618530273,1266.5999755859375,120.75,10.260000228881836,92.86000061035156,2.2920000553131104
2017-08-31,17.479999542236328,16.649999618530273,1316.199951171875,125.81999969482422,10.59000015258789,92.66999816894531,2.121000051498413
2017-09-30,16.60700035095215,15.739999771118164,1281.5,121.58000183105469,9.510000228881836,93.08000183105469,2.3259999752044678
2017-10-31,16.645000457763672,15.789999961853027,1267.0,120.66999816894531,10.180000305175781,94.55000305175781,2.375999927520752
2017-11-30,16.381999969482422,15.510000228881836,1273.199951171875,121.0999984741211,11.279999732971191,93.01000213623047,2.4170000553131104
2017-12-31,17.059999465942383,15.989999771118164,1306.300048828125,123.6500015258789,11.039999961853027,92.12000274658203,2.4049999713897705
2018-01-31,17.20400047302246,16.350000381469727,1339.0,127.6500015258789,13.539999961853027,89.12999725341797,2.7200000286102295
2018-02-28,16.323999404907227,15.460000038146973,1315.5,125.0,19.850000381469727,90.61000061035156,2.868000030517578
2018-03-31,16.222999572753906,15.40999984741211,1322.800048828125,125.79000091552734,19.969999313354492,90.1500015258789,2.740999937057495
2018-04-30,16.312000274658203,15.380000114440918,1316.199951171875,124.58999633789062,15.930000305175781,91.83999633789062,2.936000108718872
2018-05-31,16.402000427246094,15.460000038146973,1300.0999755859375,123.0999984741211,15.430000305175781,93.98999786376953,2.822000026702881
2018-06-30,16.104000091552734,15.149999618530273,1251.300048828125,118.6500015258789,16.09000015258789,94.62999725341797,2.8489999771118164
2018-07-31,15.5,14.609999656677246,1223.699951171875,115.98999786376953,12.829999923706055,94.48999786376953,2.9639999866485596
2018-08-31,14.437999725341797,13.649999618530273,1200.300048828125,113.51000213623047,12.859999656677246,95.13999938964844,2.8529999256134033
2018-09-30,14.623000144958496,13.729999542236328,1191.5,112.76000213623047,12.119999885559082,95.19000244140625,3.055999994277954
2018-10-31,14.229000091552734,13.40999984741211,1212.300048828125,115.1500015258789,21.229999542236328,97.12999725341797,3.1589999198913574
2018-11-30,14.093999862670898,13.319999694824219,1220.199951171875,115.54000091552734,18.06999969482422,97.2699966430664,3.013000011444092
2018-12-31,15.432999610900879,14.520000457763672,1278.300048828125,121.25,25.420000076293945,96.16999816894531,2.686000108718872
2019-01-31,16.02199935913086,15.050000190734863,1319.699951171875,124.75,16.56999969482422,95.58000183105469,2.634999990463257
2019-02-28,15.538000106811523,14.630000114440918,1312.800048828125,123.98999786376953,14.779999732971191,96.16000366210938,2.7109999656677246
2019-03-31,15.0600004196167,14.180000305175781,1293.0,122.01000213623047,13.710000038146973,97.27999877929688,2.4140000343322754
2019-04-30,14.899999618530273,14.020000457763672,1282.800048828125,121.19999694824219,13.119999885559082,97.4800033569336,2.509000062942505
2019-05-31,14.529999732971191,13.649999618530273,1305.800048828125,123.33000183105469,18.709999084472656,97.75,2.1419999599456787
2019-06-30,15.253000259399414,14.329999923706055,1409.699951171875,133.1999969482422,15.079999923706055,96.12999725341797,2.0
2019-07-31,16.34600067138672,15.210000038146973,1426.0999755859375,133.2100067138672,16.1200008392334,98.5199966430664,2.0209999084472656
2019-08-31,18.184999465942383,17.149999618530273,1519.0999755859375,143.75,18.979999542236328,98.91999816894531,1.50600004196167
2019-09-30,16.898000717163086,15.920000076293945,1465.699951171875,138.8699951171875,16.239999771118164,99.37999725341797,1.6749999523162842
2019-10-31,18.013999938964844,16.920000076293945,1511.4000244140625,142.42999267578125,13.220000267028809,97.3499984741211,1.690999984741211
2019-11-30,16.9689998626709,15.920000076293945,1465.5999755859375,137.86000061035156,12.619999885559082,98.2699966430664,1.7760000228881836
2019-12-31,17.827999114990234,16.68000030517578,1519.5,142.89999389648438,13.779999732971191,96.38999938964844,1.9190000295639038
2020-01-31,17.972000122070312,16.81999969482422,1582.9000244140625,149.3300018310547,18.84000015258789,97.38999938964844,1.5199999809265137
2020-02-29,16.386999130249023,15.529999732971191,1564.0999755859375,148.3800048828125,40.11000061035156,98.12999725341797,1.1269999742507935
2020-03-31,14.097999572753906,13.050000190734863,1583.4000244140625,148.0500030517578,53.540000915527344,99.05000305175781,0.6980000138282776
2020-04-30,14.89799976348877,13.979999542236328,1684.199951171875,158.8000030517578,34.150001525878906,99.0199966430664,0.621999979019165
2020-05-31,18.440000534057617,16.65999984741211,1736.9000244140625,162.91000366210938,27.510000228881836,98.33999633789062,0.6480000019073486
2020-06-30,18.541000366210938,17.010000228881836,1793.0,167.3699951171875,30.43000030517578,97.38999938964844,0.652999997138977
2020-07-31,24.18899917602539,22.649999618530273,1962.800048828125,185.42999267578125,24.459999084472656,93.48999786376953,0.5360000133514404
2020-08-31,28.437000274658203,26.229999542236328,1967.5999755859375,184.8300018310547,26.40999984741211,92.13999938964844,0.6930000185966492
2020-09-30,23.433000564575195,21.639999389648438,1887.5,177.1199951171875,26.3700008392334,93.88999938964844,0.6769999861717224
2020-10-31,23.617000579833984,21.989999771118164,1877.4000244140625,176.1999969482422,38.02000045776367,94.04000091552734,0.8600000143051147
2020-11-30,22.534000396728516,21.049999237060547,1775.699951171875,166.6699981689453,20.56999969482422,91.87000274658203,0.843999981880188
2020-12-31,26.332000732421875,24.56999969482422,1893.0999755859375,178.36000061035156,22.75,89.94000244140625,0.9169999957084656
2021-01-31,26.899999618530273,24.989999771118164,1847.300048828125,172.61000061035156,33.09000015258789,90.58000183105469,1.093000054359436
2021-02-28,26.402000427246094,24.65999984741211,1728.0999755859375,161.80999755859375,27.950000762939453,90.93000030517578,1.4600000381469727
2021-03-31,24.517000198364258,22.700000762939453,1713.800048828125,159.9600067138672,19.399999618530273,93.2300033569336,1.746000051498413
2021-04-30,25.85300064086914,24.010000228881836,1767.300048828125,165.66000366210938,18.610000610351562,91.27999877929688,1.63100004196167
2021-05-31,27.993000030517578,25.899999618530273,1902.5,178.3800048828125,16.760000228881836,90.02999877929688,1.5809999704360962
2021-06-30,26.165000915527344,24.219999313354492,1770.800048828125,165.6300048828125,15.829999923706055,92.44000244140625,1.4429999589920044
2021-07-31,25.527999877929688,23.6299991607666,1812.5999755859375,169.82000732421875,18.239999771118164,92.16999816894531,1.2389999628067017
2021-08-31,23.959999084472656,22.139999389648438,1815.0,169.69000244140625,16.479999542236328,92.62999725341797,1.3040000200271606
2021-09-30,22.020999908447266,20.520000457763672,1755.300048828125,164.22000122070312,23.139999389648438,94.25,1.5290000438690186
2021-10-31,23.94499969482422,22.09000015258789,1783.0,166.64999389648438,16.260000228881836,94.12000274658203,1.5570000410079956
2021-11-30,22.764999389648438,21.059999465942383,1773.5999755859375,165.5,27.190000534057617,95.98999786376953,1.4429999589920044
2021-12-31,23.327999114990234,21.510000228881836,1827.5,170.9600067138672,17.219999313354492,95.66999816894531,1.5119999647140503
2022-01-31,22.395000457763672,20.799999237060547,1795.0,168.08999633789062,24.829999923706055,96.54000091552734,1.781999945640564
2022-02-28,24.361000061035156,22.6200008392334,1899.4000244140625,178.3800048828125,30.149999618530273,96.70999908447266,1.8389999866485596
2022-03-31,25.121000289916992,22.8799991607666,1949.199951171875,180.64999389648438,20.559999465942383,98.30999755859375,2.3269999027252197
2022-04-30,23.040000915527344,21.040000915527344,1909.300048828125,176.91000366210938,33.400001525878906,102.95999908447266,2.88700008392334
2022-05-31,21.650999069213867,19.84000015258789,1842.699951171875,171.13999938964844,26.190000534057617,101.75,2.8440001010894775
2022-06-30,20.281999588012695,18.639999389648438,1804.0999755859375,168.4600067138672,28.709999084472656,104.69000244140625,2.9719998836517334
2022-07-31,20.1560001373291,18.700000762939453,1762.9000244140625,164.10000610351562,21.329999923706055,105.9000015258789,2.6419999599456787
2022-08-31,17.761999130249023,16.579999923706055,1712.800048828125,159.27000427246094,25.8700008392334,108.69999694824219,3.132999897003174
2022-09-30,18.959999084472656,17.5,1662.4000244140625,154.6699981689453,31.6200008392334,112.12000274658203,3.803999900817871
2022-10-31,19.125,17.6200008392334,1635.9000244140625,151.91000366210938,25.8799991607666,111.52999877929688,4.077000141143799
2022-11-30,21.549999237060547,20.43000030517578,1746.0,164.80999755859375,20.579999923706055,105.94999694824219,3.703000068664551
2022-12-31,23.86199951171875,22.020000457763672,1819.699951171875,169.63999938964844,21.670000076293945,103.5199966430664,3.878999948501587
2023-01-31,23.74799919128418,21.829999923706055,1929.5,179.41000366210938,19.399999618530273,102.0999984741211,3.5290000438690186
2023-02-28,20.961000442504883,19.219999313354492,1828.9000244140625,169.77999877929688,20.700000762939453,104.87000274658203,3.9159998893737793
2023-03-31,24.076000213623047,22.1200008392334,1969.0,183.22000122070312,18.700000762939453,102.51000213623047,3.49399995803833
2023-04-30,24.999000549316406,23.0,1990.0999755859375,184.8000030517578,15.779999732971191,101.66999816894531,3.4519999027252197
2023-05-31,23.474000930786133,21.610000610351562,1963.9000244140625,182.32000732421875,17.940000534057617,104.31999969482422,3.63700008392334
2023-06-30,22.809999465942383,20.889999389648438,1921.0999755859375,178.27000427246094,13.59000015258789,102.91000366210938,3.819000005722046
2023-07-31,24.854000091552734,22.690000534057617,1970.5,182.35000610351562,13.630000114440918,101.86000061035156,3.9590001106262207
2023-08-31,24.472000122070312,22.389999389648438,1938.199951171875,180.02000427246094,13.569999694824219,103.62000274658203,4.0929999351501465
2023-09-30,22.236000061035156,20.34000015258789,1848.0999755859375,171.4499969482422,17.520000457763672,106.16999816894531,4.572999954223633
2023-10-31,22.840999603271484,20.979999542236328,1985.199951171875,184.08999633789062,18.139999389648438,106.66000366210938,4.875
2023-11-30,25.292999267578125,23.1299991607666,2038.0999755859375,188.75,12.920000076293945,103.5,4.3520002365112305
2023-12-31,23.85300064086914,21.780000686645508,2062.39990234375,191.1699981689453,12.449999809265137,101.33000183105469,3.865999937057495
2024-01-31,23.051000595092773,20.90999984741211,2048.39990234375,188.4499969482422,14.350000381469727,103.2699966430664,3.9670000076293945
2024-02-29,22.666000366210938,20.729999542236328,2045.699951171875,189.30999755859375,13.399999618530273,104.16000366210938,4.251999855041504
2024-03-31,24.797000885009766,22.75,2217.39990234375,205.72000122070312,13.010000228881836,104.55000305175781,4.205999851226807
2024-04-30,26.391000747680664,24.049999237060547,2291.39990234375,211.8699951171875,15.649999618530273,106.22000122070312,4.685999870300293
2024-05-31,30.297000885009766,27.760000228881836,2322.89990234375,215.3000030517578,12.920000076293945,104.66999816894531,4.513999938964844
2024-06-30,29.23699951171875,26.56999969482422,2327.699951171875,215.00999450683594,12.4399995803833,105.87000274658203,4.3429999351501465
2024-07-31,28.777999877929688,26.389999389648438,2426.5,226.5500030517578,16.360000610351562,104.0999984741211,4.109000205993652
2024-08-31,28.731000900268555,26.350000381469727,2493.800048828125,231.2899932861328,15.0,101.69999694824219,3.9110000133514404
2024-09-30,31.163999557495117,28.40999984741211,2636.10009765625,243.05999755859375,16.729999542236328,100.77999877929688,3.802000045776367
2024-10-31,32.65299987792969,29.809999465942383,2738.300048828125,253.50999450683594,23.15999984741211,103.9800033569336,4.283999919891357
2024-11-30,30.684999465942383,27.920000076293945,2657.0,245.58999633789062,13.510000228881836,105.73999786376953,4.177999973297119
2024-12-31,29.106000900268555,26.43000030517578,2606.10009765625,240.6300048828125,17.399999618530273,108.12999725341797,4.545000076293945
